Unique ID,Company Name,Person Name,Phone,Email,BD Agent,BD Call Date,BD Remark,BD Recording Link,Category,BD Transcript,Dream Snapshot,FU1 — MQL Category,FU1 — Call Status,FU1 — Current State,FU1 — Call Duration,FU1 — Remark,FU1 — Recording Link,FU1 — Transcript,FU1 — Message Status,FU1 — Timestamp,FU1 — Follow-up Stage,FU1 — Sync Status,FU2 — MQL Category,FU2 — Call Status,FU2 — Current State,FU2 — Call Duration,FU2 — Remark,FU2 — Recording Link,FU2 — Transcript,FU2 — Message Status,FU2 — Timestamp,FU2 — Follow-up Stage,FU2 — Sync Status,FU3 — MQL Category,FU3 — Call Status,FU3 — Current State,FU3 — Call Duration,FU3 — Remark,FU3 — Recording Link,FU3 — Transcript,FU3 — Message Status,FU3 — Timestamp,FU3 — Follow-up Stage,FU3 — Sync Status,FU4 — MQL Category,FU4 — Call Status,FU4 — Current State,FU4 — Call Duration,FU4 — Remark,FU4 — Recording Link,FU4 — Transcript,FU4 — Message Status,FU4 — Timestamp,FU4 — Follow-up Stage,FU4 — Sync Status,FU5 — MQL Category,FU5 — Call Status,FU5 — Current State,FU5 — Call Duration,FU5 — Remark,FU5 — Recording Link,FU5 — Transcript,FU5 — Message Status,FU5 — Timestamp,FU5 — Follow-up Stage,FU5 — Sync Status,FU6 — MQL Category,FU6 — Call Status,FU6 — Current State,FU6 — Call Duration,FU6 — Remark,FU6 — Recording Link,FU6 — Transcript,FU6 — Message Status,FU6 — Timestamp,FU6 — Follow-up Stage,FU6 — Sync Status,FU7 — MQL Category,FU7 — Call Status,FU7 — Current State,FU7 — Call Duration,FU7 — Remark,FU7 — Recording Link,FU7 — Transcript,FU7 — Message Status,FU7 — Timestamp,FU7 — Follow-up Stage,FU7 — Sync Status,FU8 — MQL Category,FU8 — Call Status,FU8 — Current State,FU8 — Call Duration,FU8 — Remark,FU8 — Recording Link,FU8 — Transcript,FU8 — Message Status,FU8 — Timestamp,FU8 — Follow-up Stage,FU8 — Sync Status,FU9 — MQL Category,FU9 — Call Status,FU9 — Current State,FU9 — Call Duration,FU9 — Remark,FU9 — Recording Link,FU9 — Transcript,FU9 — Message Status,FU9 — Timestamp,FU9 — Follow-up Stage,FU9 — Sync Status,FU10 — MQL Category,FU10 — Call Status,FU10 — Current State,FU10 — Call Duration,FU10 — Remark,FU10 — Recording Link,FU10 — Transcript,FU10 — Message Status,FU10 — Timestamp,FU10 — Follow-up Stage,FU10 — Sync Status,FU11 — MQL Category,FU11 — Call Status,FU11 — Current State,FU11 — Call Duration,FU11 — Remark,FU11 — Recording Link,FU11 — Transcript,FU11 — Message Status,FU11 — Timestamp,FU11 — Follow-up Stage,FU11 — Sync Status,FU12 — MQL Category,FU12 — Call Status,FU12 — Current State,FU12 — Call Duration,FU12 — Remark,FU12 — Recording Link,FU12 — Transcript,FU12 — Message Status,FU12 — Timestamp,FU12 — Follow-up Stage,FU12 — Sync Status,FU13 — MQL Category,FU13 — Call Status,FU13 — Current State,FU13 — Call Duration,FU13 — Remark,FU13 — Recording Link,FU13 — Transcript,FU13 — Message Status,FU13 — Timestamp,FU13 — Follow-up Stage,FU13 — Sync Status,FU14 — MQL Category,FU14 — Call Status,FU14 — Current State,FU14 — Call Duration,FU14 — Remark,FU14 — Recording Link,FU14 — Transcript,FU14 — Message Status,FU14 — Timestamp,FU14 — Follow-up Stage,FU14 — Sync Status,FU15 — MQL Category,FU15 — Call Status,FU15 — Current State,FU15 — Call Duration,FU15 — Remark,FU15 — Recording Link,FU15 — Transcript,FU15 — Message Status,FU15 — Timestamp,FU15 — Follow-up Stage,FU15 — Sync Status
CC | 99000001,Sample Company 01,Dr Sample Lead 01,9810000001,lead01@samplecrm.in,Suhana,22/12/2025,Initial BD qualification completed.,https://drive.google.com/file/d/bd_rec_01,consulting ds1,https://drive.google.com/file/d/bd_tr_01,https://drive.google.com/file/d/bd_snap_01,Cold,Did not connect,Attempt Again,,No pickup. Retry planned.,,,FALSE,04/03/2026,FU1,,Warm,Connected,Interested,137,Positive progression call.,https://drive.google.com/file/d/mql_rec_01_02,https://drive.google.com/file/d/mql_tr_01_02,TRUE,06/03/2026,FU2,,Cold,Did not connect,Attempt Again,,No pickup. Retry planned.,,,FALSE,08/03/2026,FU3,,Warm,Connected,Interested,151,Positive progression call.,https://drive.google.com/file/d/mql_rec_01_04,https://drive.google.com/file/d/mql_tr_01_04,TRUE,10/03/2026,FU4,,Warm,Connected,Interested,158,Positive progression call.,https://drive.google.com/file/d/mql_rec_01_05,https://drive.google.com/file/d/mql_tr_01_05,TRUE,12/03/2026,FU5,,Cold,Did not connect,Attempt Again,,No pickup. Retry planned.,,,FALSE,14/03/2026,FU6,,Warm,Connected,Interested,172,Positive progression call.,https://drive.google.com/file/d/mql_rec_01_07,https://drive.google.com/file/d/mql_tr_01_07,TRUE,16/03/2026,FU7,,Warm,Connected,Interested,179,Positive progression call.,https://drive.google.com/file/d/mql_rec_01_08,https://drive.google.com/file/d/mql_tr_01_08,TRUE,18/03/2026,FU8,,Warm,Did not connect,Attempt Again,,No pickup. Retry planned.,,,FALSE,20/03/2026,FU9,,Warm,Connected,Interested,193,Positive progression call.,https://drive.google.com/file/d/mql_rec_01_10,https://drive.google.com/file/d/mql_tr_01_10,TRUE,22/03/2026,FU10,,Hot,Connected,Meeting Scheduled,254,Meeting pipeline in motion.,https://drive.google.com/file/d/mql_rec_01_11,https://drive.google.com/file/d/mql_tr_01_11,TRUE,24/03/2026,FU11,,Warm,Did not connect,Attempt Again,,No pickup. Retry planned.,,,FALSE,26/03/2026,FU12,,Hot,Connected,Meeting Scheduled,262,Meeting pipeline in motion.,https://drive.google.com/file/d/mql_rec_01_13,https://drive.google.com/file/d/mql_tr_01_13,TRUE,28/03/2026,FU13,,Hot,Connected,Meeting Scheduled,266,Meeting pipeline in motion.,https://drive.google.com/file/d/mql_rec_01_14,https://drive.google.com/file/d/mql_tr_01_14,TRUE,30/03/2026,FU14,,Hot,Connected,Solution Picked,320,Converted sample lead by FU15.,https://drive.google.com/file/d/mql_rec_01_15,https://drive.google.com/file/d/mql_tr_01_15,TRUE,01/04/2026,FU15,
CC | 99000002,Sample Company 02,Dr Sample Lead 02,9810000002,lead02@samplecrm.in,Atharv,23/12/2025,Initial BD qualification completed.,https://drive.google.com/file/d/bd_rec_02,msme ds3,https://drive.google.com/file/d/bd_tr_02,https://drive.google.com/file/d/bd_snap_02,Cold,Did not connect,Attempt Again,,No pickup. Retry planned.,,,FALSE,05/03/2026,FU1,,Warm,Connected,Interested,140,Positive progression call.,https://drive.google.com/file/d/mql_rec_02_02,https://drive.google.com/file/d/mql_tr_02_02,TRUE,07/03/2026,FU2,,Cold,Did not connect,Attempt Again,,No pickup. Retry planned.,,,FALSE,09/03/2026,FU3,,Warm,Connected,Interested,154,Positive progression call.,https://drive.google.com/file/d/mql_rec_02_04,https://drive.google.com/file/d/mql_tr_02_04,TRUE,11/03/2026,FU4,,Warm,Connected,Interested,161,Positive progression call.,https://drive.google.com/file/d/mql_rec_02_05,https://drive.google.com/file/d/mql_tr_02_05,TRUE,13/03/2026,FU5,,Cold,Did not connect,Attempt Again,,No pickup. Retry planned.,,,FALSE,15/03/2026,FU6,,Warm,Connected,Interested,175,Positive progression call.,https://drive.google.com/file/d/mql_rec_02_07,https://drive.google.com/file/d/mql_tr_02_07,TRUE,17/03/2026,FU7,,Warm,Connected,Interested,182,Positive progression call.,https://drive.google.com/file/d/mql_rec_02_08,https://drive.google.com/file/d/mql_tr_02_08,TRUE,19/03/2026,FU8,,Warm,Did not connect,Attempt Again,,No pickup. Retry planned.,,,FALSE,21/03/2026,FU9,,Warm,Connected,Interested,196,Positive progression call.,https://drive.google.com/file/d/mql_rec_02_10,https://drive.google.com/file/d/mql_tr_02_10,TRUE,23/03/2026,FU10,,Hot,Connected,Meeting Scheduled,254,Meeting pipeline in motion.,https://drive.google.com/file/d/mql_rec_02_11,https://drive.google.com/file/d/mql_tr_02_11,TRUE,25/03/2026,FU11,,Warm,Did not connect,Attempt Again,,No pickup. Retry planned.,,,FALSE,27/03/2026,FU12,,Hot,Connected,Meeting Scheduled,262,Meeting pipeline in motion.,https://drive.google.com/file/d/mql_rec_02_13,https://drive.google.com/file/d/mql_tr_02_13,TRUE,29/03/2026,FU13,,Hot,Connected,Meeting Scheduled,266,Meeting pipeline in motion.,https://drive.google.com/file/d/mql_rec_02_14,https://drive.google.com/file/d/mql_tr_02_14,TRUE,31/03/2026,FU14,,Hot,Connected,Solution Picked,320,Converted sample lead by FU15.,https://drive.google.com/file/d/mql_rec_02_15,https://drive.google.com/file/d/mql_tr_02_15,TRUE,02/04/2026,FU15,
CC | 99000003,Sample Company 03,Dr Sample Lead 03,9810000003,lead03@samplecrm.in,Monika,24/12/2025,Initial BD qualification completed.,https://drive.google.com/file/d/bd_rec_03,schools ds1,https://drive.google.com/file/d/bd_tr_03,https://drive.google.com/file/d/bd_snap_03,Cold,Did not connect,Attempt Again,,No pickup. Retry planned.,,,FALSE,06/03/2026,FU1,,Warm,Connected,Interested,143,Positive progression call.,https://drive.google.com/file/d/mql_rec_03_02,https://drive.google.com/file/d/mql_tr_03_02,TRUE,08/03/2026,FU2,,Cold,Did not connect,Attempt Again,,No pickup. Retry planned.,,,FALSE,10/03/2026,FU3,,Warm,Connected,Interested,157,Positive progression call.,https://drive.google.com/file/d/mql_rec_03_04,https://drive.google.com/file/d/mql_tr_03_04,TRUE,12/03/2026,FU4,,Warm,Connected,Interested,164,Positive progression call.,https://drive.google.com/file/d/mql_rec_03_05,https://drive.google.com/file/d/mql_tr_03_05,TRUE,14/03/2026,FU5,,Cold,Did not connect,Attempt Again,,No pickup. Retry planned.,,,FALSE,16/03/2026,FU6,,Warm,Connected,Interested,178,Positive progression call.,https://drive.google.com/file/d/mql_rec_03_07,https://drive.google.com/file/d/mql_tr_03_07,TRUE,18/03/2026,FU7,,Warm,Connected,Interested,185,Positive progression call.,https://drive.google.com/file/d/mql_rec_03_08,https://drive.google.com/file/d/mql_tr_03_08,TRUE,20/03/2026,FU8,,Warm,Did not connect,Attempt Again,,No pickup. Retry planned.,,,FALSE,22/03/2026,FU9,,Warm,Connected,Interested,199,Positive progression call.,https://drive.google.com/file/d/mql_rec_03_10,https://drive.google.com/file/d/mql_tr_03_10,TRUE,24/03/2026,FU10,,Hot,Connected,Meeting Scheduled,254,Meeting pipeline in motion.,https://drive.google.com/file/d/mql_rec_03_11,https://drive.google.com/file/d/mql_tr_03_11,TRUE,26/03/2026,FU11,,Warm,Did not connect,Attempt Again,,No pickup. Retry planned.,,,FALSE,28/03/2026,FU12,,Hot,Connected,Meeting Scheduled,262,Meeting pipeline in motion.,https://drive.google.com/file/d/mql_rec_03_13,https://drive.google.com/file/d/mql_tr_03_13,TRUE,30/03/2026,FU13,,Hot,Connected,Meeting Scheduled,266,Meeting pipeline in motion.,https://drive.google.com/file/d/mql_rec_03_14,https://drive.google.com/file/d/mql_tr_03_14,TRUE,01/04/2026,FU14,,Hot,Connected,Solution Picked,320,Converted sample lead by FU15.,https://drive.google.com/file/d/mql_rec_03_15,https://drive.google.com/file/d/mql_tr_03_15,TRUE,03/04/2026,FU15,
CC | 99000004,Sample Company 04,Dr Sample Lead 04,9810000004,lead04@samplecrm.in,Shreya,25/12/2025,Initial BD qualification completed.,https://drive.google.com/file/d/bd_rec_04,clinics ds1,https://drive.google.com/file/d/bd_tr_04,https://drive.google.com/file/d/bd_snap_04,Cold,Did not connect,Attempt Again,,No pickup. Retry planned.,,,FALSE,07/03/2026,FU1,,Warm,Connected,Interested,146,Positive progression call.,https://drive.google.com/file/d/mql_rec_04_02,https://drive.google.com/file/d/mql_tr_04_02,TRUE,09/03/2026,FU2,,Cold,Did not connect,Attempt Again,,No pickup. Retry planned.,,,FALSE,11/03/2026,FU3,,Warm,Connected,Interested,160,Positive progression call.,https://drive.google.com/file/d/mql_rec_04_04,https://drive.google.com/file/d/mql_tr_04_04,TRUE,13/03/2026,FU4,,Warm,Connected,Interested,167,Positive progression call.,https://drive.google.com/file/d/mql_rec_04_05,https://drive.google.com/file/d/mql_tr_04_05,TRUE,15/03/2026,FU5,,Cold,Did not connect,Attempt Again,,No pickup. Retry planned.,,,FALSE,17/03/2026,FU6,,Warm,Connected,Interested,181,Positive progression call.,https://drive.google.com/file/d/mql_rec_04_07,https://drive.google.com/file/d/mql_tr_04_07,TRUE,19/03/2026,FU7,,Warm,Connected,Interested,188,Positive progression call.,https://drive.google.com/file/d/mql_rec_04_08,https://drive.google.com/file/d/mql_tr_04_08,TRUE,21/03/2026,FU8,,Warm,Did not connect,Attempt Again,,No pickup. Retry planned.,,,FALSE,23/03/2026,FU9,,Warm,Connected,Interested,202,Positive progression call.,https://drive.google.com/file/d/mql_rec_04_10,https://drive.google.com/file/d/mql_tr_04_10,TRUE,25/03/2026,FU10,,Hot,Connected,Meeting Scheduled,254,Meeting pipeline in motion.,https://drive.google.com/file/d/mql_rec_04_11,https://drive.google.com/file/d/mql_tr_04_11,TRUE,27/03/2026,FU11,,Warm,Did not connect,Attempt Again,,No pickup. Retry planned.,,,FALSE,29/03/2026,FU12,,Hot,Connected,Meeting Scheduled,262,Meeting pipeline in motion.,https://drive.google.com/file/d/mql_rec_04_13,https://drive.google.com/file/d/mql_tr_04_13,TRUE,31/03/2026,FU13,,Hot,Connected,Meeting Scheduled,266,Meeting pipeline in motion.,https://drive.google.com/file/d/mql_rec_04_14,https://drive.google.com/file/d/mql_tr_04_14,TRUE,02/04/2026,FU14,,Hot,Connected,Solution Picked,320,Converted sample lead by FU15.,https://drive.google.com/file/d/mql_rec_04_15,https://drive.google.com/file/d/mql_tr_04_15,TRUE,04/04/2026,FU15,
CC | 99000005,Sample Company 05,Dr Sample Lead 05,9810000005,lead05@samplecrm.in,Rajviba,26/12/2025,Initial BD qualification completed.,https://drive.google.com/file/d/bd_rec_05,pharma ds1,https://drive.google.com/file/d/bd_tr_05,https://drive.google.com/file/d/bd_snap_05,Cold,Did not connect,Attempt Again,,No pickup. Retry planned.,,,FALSE,08/03/2026,FU1,,Warm,Connected,Interested,134,Positive progression call.,https://drive.google.com/file/d/mql_rec_05_02,https://drive.google.com/file/d/mql_tr_05_02,TRUE,10/03/2026,FU2,,Cold,Did not connect,Attempt Again,,No pickup. Retry planned.,,,FALSE,12/03/2026,FU3,,Warm,Connected,Interested,148,Positive progression call.,https://drive.google.com/file/d/mql_rec_05_04,https://drive.google.com/file/d/mql_tr_05_04,TRUE,14/03/2026,FU4,,Warm,Connected,Interested,155,Positive progression call.,https://drive.google.com/file/d/mql_rec_05_05,https://drive.google.com/file/d/mql_tr_05_05,TRUE,16/03/2026,FU5,,Cold,Did not connect,Attempt Again,,No pickup. Retry planned.,,,FALSE,18/03/2026,FU6,,Warm,Connected,Interested,169,Positive progression call.,https://drive.google.com/file/d/mql_rec_05_07,https://drive.google.com/file/d/mql_tr_05_07,TRUE,20/03/2026,FU7,,Warm,Connected,Interested,176,Positive progression call.,https://drive.google.com/file/d/mql_rec_05_08,https://drive.google.com/file/d/mql_tr_05_08,TRUE,22/03/2026,FU8,,Warm,Did not connect,Attempt Again,,No pickup. Retry planned.,,,FALSE,24/03/2026,FU9,,Warm,Connected,Interested,190,Positive progression call.,https://drive.google.com/file/d/mql_rec_05_10,https://drive.google.com/file/d/mql_tr_05_10,TRUE,26/03/2026,FU10,,Hot,Connected,Meeting Scheduled,254,Meeting pipeline in motion.,https://drive.google.com/file/d/mql_rec_05_11,https://drive.google.com/file/d/mql_tr_05_11,TRUE,28/03/2026,FU11,,Warm,Did not connect,Attempt Again,,No pickup. Retry planned.,,,FALSE,30/03/2026,FU12,,Hot,Connected,Meeting Scheduled,262,Meeting pipeline in motion.,https://drive.google.com/file/d/mql_rec_05_13,https://drive.google.com/file/d/mql_tr_05_13,TRUE,01/04/2026,FU13,,Hot,Connected,Meeting Scheduled,266,Meeting pipeline in motion.,https://drive.google.com/file/d/mql_rec_05_14,https://drive.google.com/file/d/mql_tr_05_14,TRUE,03/04/2026,FU14,,Hot,Connected,Solution Picked,320,Converted sample lead by FU15.,https://drive.google.com/file/d/mql_rec_05_15,https://drive.google.com/file/d/mql_tr_05_15,TRUE,05/04/2026,FU15,
CC | 99000006,Sample Company 06,Dr Sample Lead 06,9810000006,lead06@samplecrm.in,Suhana,27/12/2025,Initial BD qualification completed.,https://drive.google.com/file/d/bd_rec_06,consulting ds1,https://drive.google.com/file/d/bd_tr_06,https://drive.google.com/file/d/bd_snap_06,Cold,Did not connect,Attempt Again,,No pickup. Retry planned.,,,FALSE,09/03/2026,FU1,,Warm,Connected,Interested,137,Positive progression call.,https://drive.google.com/file/d/mql_rec_06_02,https://drive.google.com/file/d/mql_tr_06_02,TRUE,11/03/2026,FU2,,Cold,Did not connect,Attempt Again,,No pickup. Retry planned.,,,FALSE,13/03/2026,FU3,,Warm,Connected,Interested,151,Positive progression call.,https://drive.google.com/file/d/mql_rec_06_04,https://drive.google.com/file/d/mql_tr_06_04,TRUE,15/03/2026,FU4,,Warm,Connected,Interested,158,Positive progression call.,https://drive.google.com/file/d/mql_rec_06_05,https://drive.google.com/file/d/mql_tr_06_05,TRUE,17/03/2026,FU5,,Cold,Did not connect,Attempt Again,,No pickup. Retry planned.,,,FALSE,19/03/2026,FU6,,Warm,Connected,Interested,172,Positive progression call.,https://drive.google.com/file/d/mql_rec_06_07,https://drive.google.com/file/d/mql_tr_06_07,TRUE,21/03/2026,FU7,,Warm,Connected,Interested,179,Positive progression call.,https://drive.google.com/file/d/mql_rec_06_08,https://drive.google.com/file/d/mql_tr_06_08,TRUE,23/03/2026,FU8,,Warm,Did not connect,Attempt Again,,No pickup. Retry planned.,,,FALSE,25/03/2026,FU9,,Warm,Connected,Interested,193,Positive progression call.,https://drive.google.com/file/d/mql_rec_06_10,https://drive.google.com/file/d/mql_tr_06_10,TRUE,27/03/2026,FU10,,Hot,Connected,Meeting Scheduled,254,Meeting pipeline in motion.,https://drive.google.com/file/d/mql_rec_06_11,https://drive.google.com/file/d/mql_tr_06_11,TRUE,29/03/2026,FU11,,Warm,Did not connect,Attempt Again,,No pickup. Retry planned.,,,FALSE,31/03/2026,FU12,,Hot,Connected,Meeting Scheduled,262,Meeting pipeline in motion.,https://drive.google.com/file/d/mql_rec_06_13,https://drive.google.com/file/d/mql_tr_06_13,TRUE,02/04/2026,FU13,,Hot,Connected,Meeting Scheduled,266,Meeting pipeline in motion.,https://drive.google.com/file/d/mql_rec_06_14,https://drive.google.com/file/d/mql_tr_06_14,TRUE,04/04/2026,FU14,,Hot,Connected,Solution Picked,320,Converted sample lead by FU15.,https://drive.google.com/file/d/mql_rec_06_15,https://drive.google.com/file/d/mql_tr_06_15,TRUE,06/04/2026,FU15,
CC | 99000007,Sample Company 07,Dr Sample Lead 07,9810000007,lead07@samplecrm.in,Atharv,28/12/2025,Initial BD qualification completed.,https://drive.google.com/file/d/bd_rec_07,msme ds3,https://drive.google.com/file/d/bd_tr_07,https://drive.google.com/file/d/bd_snap_07,Cold,Did not connect,Attempt Again,,No pickup. Retry planned.,,,FALSE,10/03/2026,FU1,,Warm,Connected,Interested,140,Positive progression call.,https://drive.google.com/file/d/mql_rec_07_02,https://drive.google.com/file/d/mql_tr_07_02,TRUE,12/03/2026,FU2,,Cold,Did not connect,Attempt Again,,No pickup. Retry planned.,,,FALSE,14/03/2026,FU3,,Warm,Connected,Interested,154,Positive progression call.,https://drive.google.com/file/d/mql_rec_07_04,https://drive.google.com/file/d/mql_tr_07_04,TRUE,16/03/2026,FU4,,Warm,Connected,Interested,161,Positive progression call.,https://drive.google.com/file/d/mql_rec_07_05,https://drive.google.com/file/d/mql_tr_07_05,TRUE,18/03/2026,FU5,,Cold,Did not connect,Attempt Again,,No pickup. Retry planned.,,,FALSE,20/03/2026,FU6,,Warm,Connected,Interested,175,Positive progression call.,https://drive.google.com/file/d/mql_rec_07_07,https://drive.google.com/file/d/mql_tr_07_07,TRUE,22/03/2026,FU7,,Warm,Connected,Interested,182,Positive progression call.,https://drive.google.com/file/d/mql_rec_07_08,https://drive.google.com/file/d/mql_tr_07_08,TRUE,24/03/2026,FU8,,Warm,Did not connect,Attempt Again,,No pickup. Retry planned.,,,FALSE,26/03/2026,FU9,,Warm,Connected,Interested,196,Positive progression call.,https://drive.google.com/file/d/mql_rec_07_10,https://drive.google.com/file/d/mql_tr_07_10,TRUE,28/03/2026,FU10,,Hot,Connected,Meeting Scheduled,254,Meeting pipeline in motion.,https://drive.google.com/file/d/mql_rec_07_11,https://drive.google.com/file/d/mql_tr_07_11,TRUE,30/03/2026,FU11,,Warm,Did not connect,Attempt Again,,No pickup. Retry planned.,,,FALSE,01/04/2026,FU12,,Hot,Connected,Meeting Scheduled,262,Meeting pipeline in motion.,https://drive.google.com/file/d/mql_rec_07_13,https://drive.google.com/file/d/mql_tr_07_13,TRUE,03/04/2026,FU13,,Hot,Connected,Meeting Scheduled,266,Meeting pipeline in motion.,https://drive.google.com/file/d/mql_rec_07_14,https://drive.google.com/file/d/mql_tr_07_14,TRUE,05/04/2026,FU14,,Hot,Connected,Solution Picked,320,Converted sample lead by FU15.,https://drive.google.com/file/d/mql_rec_07_15,https://drive.google.com/file/d/mql_tr_07_15,TRUE,07/04/2026,FU15,
CC | 99000008,Sample Company 08,Dr Sample Lead 08,9810000008,lead08@samplecrm.in,Monika,29/12/2025,Initial BD qualification completed.,https://drive.google.com/file/d/bd_rec_08,schools ds1,https://drive.google.com/file/d/bd_tr_08,https://drive.google.com/file/d/bd_snap_08,Cold,Did not connect,Attempt Again,,No pickup. Retry planned.,,,FALSE,11/03/2026,FU1,,Warm,Connected,Interested,143,Positive progression call.,https://drive.google.com/file/d/mql_rec_08_02,https://drive.google.com/file/d/mql_tr_08_02,TRUE,13/03/2026,FU2,,Cold,Did not connect,Attempt Again,,No pickup. Retry planned.,,,FALSE,15/03/2026,FU3,,Warm,Connected,Interested,157,Positive progression call.,https://drive.google.com/file/d/mql_rec_08_04,https://drive.google.com/file/d/mql_tr_08_04,TRUE,17/03/2026,FU4,,Warm,Connected,Interested,164,Positive progression call.,https://drive.google.com/file/d/mql_rec_08_05,https://drive.google.com/file/d/mql_tr_08_05,TRUE,19/03/2026,FU5,,Cold,Did not connect,Attempt Again,,No pickup. Retry planned.,,,FALSE,21/03/2026,FU6,,Warm,Connected,Interested,178,Positive progression call.,https://drive.google.com/file/d/mql_rec_08_07,https://drive.google.com/file/d/mql_tr_08_07,TRUE,23/03/2026,FU7,,Warm,Connected,Interested,185,Positive progression call.,https://drive.google.com/file/d/mql_rec_08_08,https://drive.google.com/file/d/mql_tr_08_08,TRUE,25/03/2026,FU8,,Warm,Did not connect,Attempt Again,,No pickup. Retry planned.,,,FALSE,27/03/2026,FU9,,Warm,Connected,Interested,199,Positive progression call.,https://drive.google.com/file/d/mql_rec_08_10,https://drive.google.com/file/d/mql_tr_08_10,TRUE,29/03/2026,FU10,,Hot,Connected,Meeting Scheduled,254,Meeting pipeline in motion.,https://drive.google.com/file/d/mql_rec_08_11,https://drive.google.com/file/d/mql_tr_08_11,TRUE,31/03/2026,FU11,,Warm,Did not connect,Attempt Again,,No pickup. Retry planned.,,,FALSE,02/04/2026,FU12,,Hot,Connected,Meeting Scheduled,262,Meeting pipeline in motion.,https://drive.google.com/file/d/mql_rec_08_13,https://drive.google.com/file/d/mql_tr_08_13,TRUE,04/04/2026,FU13,,Hot,Connected,Meeting Scheduled,266,Meeting pipeline in motion.,https://drive.google.com/file/d/mql_rec_08_14,https://drive.google.com/file/d/mql_tr_08_14,TRUE,06/04/2026,FU14,,Hot,Connected,Solution Picked,320,Converted sample lead by FU15.,https://drive.google.com/file/d/mql_rec_08_15,https://drive.google.com/file/d/mql_tr_08_15,TRUE,08/04/2026,FU15,
CC | 99000009,Sample Company 09,Dr Sample Lead 09,9810000009,lead09@samplecrm.in,Shreya,30/12/2025,Initial BD qualification completed.,https://drive.google.com/file/d/bd_rec_09,clinics ds1,https://drive.google.com/file/d/bd_tr_09,https://drive.google.com/file/d/bd_snap_09,Cold,Did not connect,Attempt Again,,No pickup. Retry planned.,,,FALSE,12/03/2026,FU1,,Warm,Connected,Interested,146,Positive progression call.,https://drive.google.com/file/d/mql_rec_09_02,https://drive.google.com/file/d/mql_tr_09_02,TRUE,14/03/2026,FU2,,Cold,Did not connect,Attempt Again,,No pickup. Retry planned.,,,FALSE,16/03/2026,FU3,,Warm,Connected,Interested,160,Positive progression call.,https://drive.google.com/file/d/mql_rec_09_04,https://drive.google.com/file/d/mql_tr_09_04,TRUE,18/03/2026,FU4,,Warm,Connected,Interested,167,Positive progression call.,https://drive.google.com/file/d/mql_rec_09_05,https://drive.google.com/file/d/mql_tr_09_05,TRUE,20/03/2026,FU5,,Cold,Did not connect,Attempt Again,,No pickup. Retry planned.,,,FALSE,22/03/2026,FU6,,Warm,Connected,Interested,181,Positive progression call.,https://drive.google.com/file/d/mql_rec_09_07,https://drive.google.com/file/d/mql_tr_09_07,TRUE,24/03/2026,FU7,,Warm,Connected,Interested,188,Positive progression call.,https://drive.google.com/file/d/mql_rec_09_08,https://drive.google.com/file/d/mql_tr_09_08,TRUE,26/03/2026,FU8,,Warm,Did not connect,Attempt Again,,No pickup. Retry planned.,,,FALSE,28/03/2026,FU9,,Warm,Connected,Interested,202,Positive progression call.,https://drive.google.com/file/d/mql_rec_09_10,https://drive.google.com/file/d/mql_tr_09_10,TRUE,30/03/2026,FU10,,Hot,Connected,Meeting Scheduled,254,Meeting pipeline in motion.,https://drive.google.com/file/d/mql_rec_09_11,https://drive.google.com/file/d/mql_tr_09_11,TRUE,01/04/2026,FU11,,Warm,Did not connect,Attempt Again,,No pickup. Retry planned.,,,FALSE,03/04/2026,FU12,,Hot,Connected,Meeting Scheduled,262,Meeting pipeline in motion.,https://drive.google.com/file/d/mql_rec_09_13,https://drive.google.com/file/d/mql_tr_09_13,TRUE,05/04/2026,FU13,,Hot,Connected,Meeting Scheduled,266,Meeting pipeline in motion.,https://drive.google.com/file/d/mql_rec_09_14,https://drive.google.com/file/d/mql_tr_09_14,TRUE,07/04/2026,FU14,,Hot,Connected,Solution Picked,320,Converted sample lead by FU15.,https://drive.google.com/file/d/mql_rec_09_15,https://drive.google.com/file/d/mql_tr_09_15,TRUE,09/04/2026,FU15,
CC | 99000010,Sample Company 10,Dr Sample Lead 10,9810000010,lead10@samplecrm.in,Rajviba,31/12/2025,Initial BD qualification completed.,https://drive.google.com/file/d/bd_rec_10,pharma ds1,https://drive.google.com/file/d/bd_tr_10,https://drive.google.com/file/d/bd_snap_10,Cold,Did not connect,Attempt Again,,No pickup. Retry planned.,,,FALSE,13/03/2026,FU1,,Warm,Connected,Interested,134,Positive progression call.,https://drive.google.com/file/d/mql_rec_10_02,https://drive.google.com/file/d/mql_tr_10_02,TRUE,15/03/2026,FU2,,Cold,Did not connect,Attempt Again,,No pickup. Retry planned.,,,FALSE,17/03/2026,FU3,,Warm,Connected,Interested,148,Positive progression call.,https://drive.google.com/file/d/mql_rec_10_04,https://drive.google.com/file/d/mql_tr_10_04,TRUE,19/03/2026,FU4,,Warm,Connected,Interested,155,Positive progression call.,https://drive.google.com/file/d/mql_rec_10_05,https://drive.google.com/file/d/mql_tr_10_05,TRUE,21/03/2026,FU5,,Cold,Did not connect,Attempt Again,,No pickup. Retry planned.,,,FALSE,23/03/2026,FU6,,Warm,Connected,Interested,169,Positive progression call.,https://drive.google.com/file/d/mql_rec_10_07,https://drive.google.com/file/d/mql_tr_10_07,TRUE,25/03/2026,FU7,,Warm,Connected,Interested,176,Positive progression call.,https://drive.google.com/file/d/mql_rec_10_08,https://drive.google.com/file/d/mql_tr_10_08,TRUE,27/03/2026,FU8,,Warm,Did not connect,Attempt Again,,No pickup. Retry planned.,,,FALSE,29/03/2026,FU9,,Warm,Connected,Interested,190,Positive progression call.,https://drive.google.com/file/d/mql_rec_10_10,https://drive.google.com/file/d/mql_tr_10_10,TRUE,31/03/2026,FU10,,Hot,Connected,Meeting Scheduled,254,Meeting pipeline in motion.,https://drive.google.com/file/d/mql_rec_10_11,https://drive.google.com/file/d/mql_tr_10_11,TRUE,02/04/2026,FU11,,Warm,Did not connect,Attempt Again,,No pickup. Retry planned.,,,FALSE,04/04/2026,FU12,,Hot,Connected,Meeting Scheduled,262,Meeting pipeline in motion.,https://drive.google.com/file/d/mql_rec_10_13,https://drive.google.com/file/d/mql_tr_10_13,TRUE,06/04/2026,FU13,,Hot,Connected,Meeting Scheduled,266,Meeting pipeline in motion.,https://drive.google.com/file/d/mql_rec_10_14,https://drive.google.com/file/d/mql_tr_10_14,TRUE,08/04/2026,FU14,,Hot,Connected,Solution Picked,320,Converted sample lead by FU15.,https://drive.google.com/file/d/mql_rec_10_15,https://drive.google.com/file/d/mql_tr_10_15,TRUE,10/04/2026,FU15,
CC | 99000011,Sample Company 11,Dr Sample Lead 11,9810000011,lead11@samplecrm.in,Suhana,01/01/2026,Initial BD qualification completed.,https://drive.google.com/file/d/bd_rec_11,consulting ds1,https://drive.google.com/file/d/bd_tr_11,https://drive.google.com/file/d/bd_snap_11,Cold,Did not connect,Attempt Again,,No pickup. Retry planned.,,,FALSE,14/03/2026,FU1,,Warm,Connected,Interested,137,Positive progression call.,https://drive.google.com/file/d/mql_rec_11_02,https://drive.google.com/file/d/mql_tr_11_02,TRUE,16/03/2026,FU2,,Cold,Did not connect,Attempt Again,,No pickup. Retry planned.,,,FALSE,18/03/2026,FU3,,Warm,Connected,Interested,151,Positive progression call.,https://drive.google.com/file/d/mql_rec_11_04,https://drive.google.com/file/d/mql_tr_11_04,TRUE,20/03/2026,FU4,,Warm,Connected,Interested,158,Positive progression call.,https://drive.google.com/file/d/mql_rec_11_05,https://drive.google.com/file/d/mql_tr_11_05,TRUE,22/03/2026,FU5,,Cold,Did not connect,Attempt Again,,No pickup. Retry planned.,,,FALSE,24/03/2026,FU6,,Warm,Connected,Interested,172,Positive progression call.,https://drive.google.com/file/d/mql_rec_11_07,https://drive.google.com/file/d/mql_tr_11_07,TRUE,26/03/2026,FU7,,Warm,Connected,Interested,179,Positive progression call.,https://drive.google.com/file/d/mql_rec_11_08,https://drive.google.com/file/d/mql_tr_11_08,TRUE,28/03/2026,FU8,,Warm,Did not connect,Attempt Again,,No pickup. Retry planned.,,,FALSE,30/03/2026,FU9,,Warm,Connected,Interested,193,Positive progression call.,https://drive.google.com/file/d/mql_rec_11_10,https://drive.google.com/file/d/mql_tr_11_10,TRUE,01/04/2026,FU10,,Hot,Connected,Meeting Scheduled,254,Meeting pipeline in motion.,https://drive.google.com/file/d/mql_rec_11_11,https://drive.google.com/file/d/mql_tr_11_11,TRUE,03/04/2026,FU11,,Warm,Did not connect,Attempt Again,,No pickup. Retry planned.,,,FALSE,05/04/2026,FU12,,Hot,Connected,Meeting Scheduled,262,Meeting pipeline in motion.,https://drive.google.com/file/d/mql_rec_11_13,https://drive.google.com/file/d/mql_tr_11_13,TRUE,07/04/2026,FU13,,Hot,Connected,Meeting Scheduled,266,Meeting pipeline in motion.,https://drive.google.com/file/d/mql_rec_11_14,https://drive.google.com/file/d/mql_tr_11_14,TRUE,09/04/2026,FU14,,Hot,Connected,Solution Picked,320,Converted sample lead by FU15.,https://drive.google.com/file/d/mql_rec_11_15,https://drive.google.com/file/d/mql_tr_11_15,TRUE,11/04/2026,FU15,
CC | 99000012,Sample Company 12,Dr Sample Lead 12,9810000012,lead12@samplecrm.in,Atharv,02/01/2026,Initial BD qualification completed.,https://drive.google.com/file/d/bd_rec_12,msme ds3,https://drive.google.com/file/d/bd_tr_12,https://drive.google.com/file/d/bd_snap_12,Cold,Did not connect,Attempt Again,,No pickup. Retry planned.,,,FALSE,15/03/2026,FU1,,Warm,Connected,Interested,140,Positive progression call.,https://drive.google.com/file/d/mql_rec_12_02,https://drive.google.com/file/d/mql_tr_12_02,TRUE,17/03/2026,FU2,,Cold,Did not connect,Attempt Again,,No pickup. Retry planned.,,,FALSE,19/03/2026,FU3,,Warm,Connected,Interested,154,Positive progression call.,https://drive.google.com/file/d/mql_rec_12_04,https://drive.google.com/file/d/mql_tr_12_04,TRUE,21/03/2026,FU4,,Warm,Connected,Interested,161,Positive progression call.,https://drive.google.com/file/d/mql_rec_12_05,https://drive.google.com/file/d/mql_tr_12_05,TRUE,23/03/2026,FU5,,Cold,Did not connect,Attempt Again,,No pickup. Retry planned.,,,FALSE,25/03/2026,FU6,,Warm,Connected,Interested,175,Positive progression call.,https://drive.google.com/file/d/mql_rec_12_07,https://drive.google.com/file/d/mql_tr_12_07,TRUE,27/03/2026,FU7,,Warm,Connected,Interested,182,Positive progression call.,https://drive.google.com/file/d/mql_rec_12_08,https://drive.google.com/file/d/mql_tr_12_08,TRUE,29/03/2026,FU8,,Warm,Did not connect,Attempt Again,,No pickup. Retry planned.,,,FALSE,31/03/2026,FU9,,Warm,Connected,Interested,196,Positive progression call.,https://drive.google.com/file/d/mql_rec_12_10,https://drive.google.com/file/d/mql_tr_12_10,TRUE,02/04/2026,FU10,,Hot,Connected,Meeting Scheduled,254,Meeting pipeline in motion.,https://drive.google.com/file/d/mql_rec_12_11,https://drive.google.com/file/d/mql_tr_12_11,TRUE,04/04/2026,FU11,,Warm,Did not connect,Attempt Again,,No pickup. Retry planned.,,,FALSE,06/04/2026,FU12,,Hot,Connected,Meeting Scheduled,262,Meeting pipeline in motion.,https://drive.google.com/file/d/mql_rec_12_13,https://drive.google.com/file/d/mql_tr_12_13,TRUE,08/04/2026,FU13,,Hot,Connected,Meeting Scheduled,266,Meeting pipeline in motion.,https://drive.google.com/file/d/mql_rec_12_14,https://drive.google.com/file/d/mql_tr_12_14,TRUE,10/04/2026,FU14,,Hot,Connected,Solution Picked,320,Converted sample lead by FU15.,https://drive.google.com/file/d/mql_rec_12_15,https://drive.google.com/file/d/mql_tr_12_15,TRUE,12/04/2026,FU15,
CC | 99000013,Sample Company 13,Dr Sample Lead 13,9810000013,lead13@samplecrm.in,Monika,03/01/2026,Initial BD qualification completed.,https://drive.google.com/file/d/bd_rec_13,schools ds1,https://drive.google.com/file/d/bd_tr_13,https://drive.google.com/file/d/bd_snap_13,Cold,Did not connect,Attempt Again,,No pickup. Retry planned.,,,FALSE,16/03/2026,FU1,,Warm,Connected,Interested,143,Positive progression call.,https://drive.google.com/file/d/mql_rec_13_02,https://drive.google.com/file/d/mql_tr_13_02,TRUE,18/03/2026,FU2,,Cold,Did not connect,Attempt Again,,No pickup. Retry planned.,,,FALSE,20/03/2026,FU3,,Warm,Connected,Interested,157,Positive progression call.,https://drive.google.com/file/d/mql_rec_13_04,https://drive.google.com/file/d/mql_tr_13_04,TRUE,22/03/2026,FU4,,Warm,Connected,Interested,164,Positive progression call.,https://drive.google.com/file/d/mql_rec_13_05,https://drive.google.com/file/d/mql_tr_13_05,TRUE,24/03/2026,FU5,,Cold,Did not connect,Attempt Again,,No pickup. Retry planned.,,,FALSE,26/03/2026,FU6,,Warm,Connected,Interested,178,Positive progression call.,https://drive.google.com/file/d/mql_rec_13_07,https://drive.google.com/file/d/mql_tr_13_07,TRUE,28/03/2026,FU7,,Warm,Connected,Interested,185,Positive progression call.,https://drive.google.com/file/d/mql_rec_13_08,https://drive.google.com/file/d/mql_tr_13_08,TRUE,30/03/2026,FU8,,Warm,Did not connect,Attempt Again,,No pickup. Retry planned.,,,FALSE,01/04/2026,FU9,,Warm,Connected,Interested,199,Positive progression call.,https://drive.google.com/file/d/mql_rec_13_10,https://drive.google.com/file/d/mql_tr_13_10,TRUE,03/04/2026,FU10,,Hot,Connected,Meeting Scheduled,254,Meeting pipeline in motion.,https://drive.google.com/file/d/mql_rec_13_11,https://drive.google.com/file/d/mql_tr_13_11,TRUE,05/04/2026,FU11,,Warm,Did not connect,Attempt Again,,No pickup. Retry planned.,,,FALSE,07/04/2026,FU12,,Hot,Connected,Meeting Scheduled,262,Meeting pipeline in motion.,https://drive.google.com/file/d/mql_rec_13_13,https://drive.google.com/file/d/mql_tr_13_13,TRUE,09/04/2026,FU13,,Hot,Connected,Meeting Scheduled,266,Meeting pipeline in motion.,https://drive.google.com/file/d/mql_rec_13_14,https://drive.google.com/file/d/mql_tr_13_14,TRUE,11/04/2026,FU14,,Hot,Connected,Solution Picked,320,Converted sample lead by FU15.,https://drive.google.com/file/d/mql_rec_13_15,https://drive.google.com/file/d/mql_tr_13_15,TRUE,13/04/2026,FU15,
CC | 99000014,Sample Company 14,Dr Sample Lead 14,9810000014,lead14@samplecrm.in,Shreya,04/01/2026,Initial BD qualification completed.,https://drive.google.com/file/d/bd_rec_14,clinics ds1,https://drive.google.com/file/d/bd_tr_14,https://drive.google.com/file/d/bd_snap_14,Cold,Did not connect,Attempt Again,,No pickup. Retry planned.,,,FALSE,17/03/2026,FU1,,Warm,Connected,Interested,146,Positive progression call.,https://drive.google.com/file/d/mql_rec_14_02,https://drive.google.com/file/d/mql_tr_14_02,TRUE,19/03/2026,FU2,,Cold,Did not connect,Attempt Again,,No pickup. Retry planned.,,,FALSE,21/03/2026,FU3,,Warm,Connected,Interested,160,Positive progression call.,https://drive.google.com/file/d/mql_rec_14_04,https://drive.google.com/file/d/mql_tr_14_04,TRUE,23/03/2026,FU4,,Warm,Connected,Interested,167,Positive progression call.,https://drive.google.com/file/d/mql_rec_14_05,https://drive.google.com/file/d/mql_tr_14_05,TRUE,25/03/2026,FU5,,Cold,Did not connect,Attempt Again,,No pickup. Retry planned.,,,FALSE,27/03/2026,FU6,,Warm,Connected,Interested,181,Positive progression call.,https://drive.google.com/file/d/mql_rec_14_07,https://drive.google.com/file/d/mql_tr_14_07,TRUE,29/03/2026,FU7,,Warm,Connected,Interested,188,Positive progression call.,https://drive.google.com/file/d/mql_rec_14_08,https://drive.google.com/file/d/mql_tr_14_08,TRUE,31/03/2026,FU8,,Warm,Did not connect,Attempt Again,,No pickup. Retry planned.,,,FALSE,02/04/2026,FU9,,Warm,Connected,Interested,202,Positive progression call.,https://drive.google.com/file/d/mql_rec_14_10,https://drive.google.com/file/d/mql_tr_14_10,TRUE,04/04/2026,FU10,,Hot,Connected,Meeting Scheduled,254,Meeting pipeline in motion.,https://drive.google.com/file/d/mql_rec_14_11,https://drive.google.com/file/d/mql_tr_14_11,TRUE,06/04/2026,FU11,,Warm,Did not connect,Attempt Again,,No pickup. Retry planned.,,,FALSE,08/04/2026,FU12,,Hot,Connected,Meeting Scheduled,262,Meeting pipeline in motion.,https://drive.google.com/file/d/mql_rec_14_13,https://drive.google.com/file/d/mql_tr_14_13,TRUE,10/04/2026,FU13,,Hot,Connected,Meeting Scheduled,266,Meeting pipeline in motion.,https://drive.google.com/file/d/mql_rec_14_14,https://drive.google.com/file/d/mql_tr_14_14,TRUE,12/04/2026,FU14,,Hot,Connected,Solution Picked,320,Converted sample lead by FU15.,https://drive.google.com/file/d/mql_rec_14_15,https://drive.google.com/file/d/mql_tr_14_15,TRUE,14/04/2026,FU15,
CC | 99000015,Sample Company 15,Dr Sample Lead 15,9810000015,lead15@samplecrm.in,Rajviba,05/01/2026,Initial BD qualification completed.,https://drive.google.com/file/d/bd_rec_15,pharma ds1,https://drive.google.com/file/d/bd_tr_15,https://drive.google.com/file/d/bd_snap_15,Cold,Did not connect,Attempt Again,,No pickup. Retry planned.,,,FALSE,18/03/2026,FU1,,Warm,Connected,Interested,134,Positive progression call.,https://drive.google.com/file/d/mql_rec_15_02,https://drive.google.com/file/d/mql_tr_15_02,TRUE,20/03/2026,FU2,,Cold,Did not connect,Attempt Again,,No pickup. Retry planned.,,,FALSE,22/03/2026,FU3,,Warm,Connected,Interested,148,Positive progression call.,https://drive.google.com/file/d/mql_rec_15_04,https://drive.google.com/file/d/mql_tr_15_04,TRUE,24/03/2026,FU4,,Warm,Connected,Interested,155,Positive progression call.,https://drive.google.com/file/d/mql_rec_15_05,https://drive.google.com/file/d/mql_tr_15_05,TRUE,26/03/2026,FU5,,Cold,Did not connect,Attempt Again,,No pickup. Retry planned.,,,FALSE,28/03/2026,FU6,,Warm,Connected,Interested,169,Positive progression call.,https://drive.google.com/file/d/mql_rec_15_07,https://drive.google.com/file/d/mql_tr_15_07,TRUE,30/03/2026,FU7,,Warm,Connected,Interested,176,Positive progression call.,https://drive.google.com/file/d/mql_rec_15_08,https://drive.google.com/file/d/mql_tr_15_08,TRUE,01/04/2026,FU8,,Warm,Did not connect,Attempt Again,,No pickup. Retry planned.,,,FALSE,03/04/2026,FU9,,Warm,Connected,Interested,190,Positive progression call.,https://drive.google.com/file/d/mql_rec_15_10,https://drive.google.com/file/d/mql_tr_15_10,TRUE,05/04/2026,FU10,,Hot,Connected,Meeting Scheduled,254,Meeting pipeline in motion.,https://drive.google.com/file/d/mql_rec_15_11,https://drive.google.com/file/d/mql_tr_15_11,TRUE,07/04/2026,FU11,,Warm,Did not connect,Attempt Again,,No pickup. Retry planned.,,,FALSE,09/04/2026,FU12,,Hot,Connected,Meeting Scheduled,262,Meeting pipeline in motion.,https://drive.google.com/file/d/mql_rec_15_13,https://drive.google.com/file/d/mql_tr_15_13,TRUE,11/04/2026,FU13,,Hot,Connected,Meeting Scheduled,266,Meeting pipeline in motion.,https://drive.google.com/file/d/mql_rec_15_14,https://drive.google.com/file/d/mql_tr_15_14,TRUE,13/04/2026,FU14,,Hot,Connected,Solution Picked,320,Converted sample lead by FU15.,https://drive.google.com/file/d/mql_rec_15_15,https://drive.google.com/file/d/mql_tr_15_15,TRUE,15/04/2026,FU15,
CC | 99000016,Sample Company 16,Dr Sample Lead 16,9810000016,lead16@samplecrm.in,Suhana,06/01/2026,Initial BD qualification completed.,https://drive.google.com/file/d/bd_rec_16,consulting ds1,https://drive.google.com/file/d/bd_tr_16,https://drive.google.com/file/d/bd_snap_16,Cold,Did not connect,Attempt Again,,No pickup. Retry planned.,,,FALSE,19/03/2026,FU1,,Warm,Connected,Interested,137,Positive progression call.,https://drive.google.com/file/d/mql_rec_16_02,https://drive.google.com/file/d/mql_tr_16_02,TRUE,21/03/2026,FU2,,Cold,Did not connect,Attempt Again,,No pickup. Retry planned.,,,FALSE,23/03/2026,FU3,,Warm,Connected,Interested,151,Positive progression call.,https://drive.google.com/file/d/mql_rec_16_04,https://drive.google.com/file/d/mql_tr_16_04,TRUE,25/03/2026,FU4,,Warm,Connected,Interested,158,Positive progression call.,https://drive.google.com/file/d/mql_rec_16_05,https://drive.google.com/file/d/mql_tr_16_05,TRUE,27/03/2026,FU5,,Cold,Did not connect,Attempt Again,,No pickup. Retry planned.,,,FALSE,29/03/2026,FU6,,Warm,Connected,Interested,172,Positive progression call.,https://drive.google.com/file/d/mql_rec_16_07,https://drive.google.com/file/d/mql_tr_16_07,TRUE,31/03/2026,FU7,,Warm,Connected,Interested,179,Positive progression call.,https://drive.google.com/file/d/mql_rec_16_08,https://drive.google.com/file/d/mql_tr_16_08,TRUE,02/04/2026,FU8,,Warm,Did not connect,Attempt Again,,No pickup. Retry planned.,,,FALSE,04/04/2026,FU9,,Warm,Connected,Interested,193,Positive progression call.,https://drive.google.com/file/d/mql_rec_16_10,https://drive.google.com/file/d/mql_tr_16_10,TRUE,06/04/2026,FU10,,Hot,Connected,Meeting Scheduled,254,Meeting pipeline in motion.,https://drive.google.com/file/d/mql_rec_16_11,https://drive.google.com/file/d/mql_tr_16_11,TRUE,08/04/2026,FU11,,Warm,Did not connect,Attempt Again,,No pickup. Retry planned.,,,FALSE,10/04/2026,FU12,,Hot,Connected,Meeting Scheduled,262,Meeting pipeline in motion.,https://drive.google.com/file/d/mql_rec_16_13,https://drive.google.com/file/d/mql_tr_16_13,TRUE,12/04/2026,FU13,,Hot,Connected,Meeting Scheduled,266,Meeting pipeline in motion.,https://drive.google.com/file/d/mql_rec_16_14,https://drive.google.com/file/d/mql_tr_16_14,TRUE,14/04/2026,FU14,,Hot,Connected,Solution Picked,320,Converted sample lead by FU15.,https://drive.google.com/file/d/mql_rec_16_15,https://drive.google.com/file/d/mql_tr_16_15,TRUE,16/04/2026,FU15,
CC | 99000017,Sample Company 17,Dr Sample Lead 17,9810000017,lead17@samplecrm.in,Atharv,07/01/2026,Initial BD qualification completed.,https://drive.google.com/file/d/bd_rec_17,msme ds3,https://drive.google.com/file/d/bd_tr_17,https://drive.google.com/file/d/bd_snap_17,Cold,Did not connect,Attempt Again,,No pickup. Retry planned.,,,FALSE,20/03/2026,FU1,,Warm,Connected,Interested,140,Positive progression call.,https://drive.google.com/file/d/mql_rec_17_02,https://drive.google.com/file/d/mql_tr_17_02,TRUE,22/03/2026,FU2,,Cold,Did not connect,Attempt Again,,No pickup. Retry planned.,,,FALSE,24/03/2026,FU3,,Warm,Connected,Interested,154,Positive progression call.,https://drive.google.com/file/d/mql_rec_17_04,https://drive.google.com/file/d/mql_tr_17_04,TRUE,26/03/2026,FU4,,Warm,Connected,Interested,161,Positive progression call.,https://drive.google.com/file/d/mql_rec_17_05,https://drive.google.com/file/d/mql_tr_17_05,TRUE,28/03/2026,FU5,,Cold,Did not connect,Attempt Again,,No pickup. Retry planned.,,,FALSE,30/03/2026,FU6,,Warm,Connected,Interested,175,Positive progression call.,https://drive.google.com/file/d/mql_rec_17_07,https://drive.google.com/file/d/mql_tr_17_07,TRUE,01/04/2026,FU7,,Warm,Connected,Interested,182,Positive progression call.,https://drive.google.com/file/d/mql_rec_17_08,https://drive.google.com/file/d/mql_tr_17_08,TRUE,03/04/2026,FU8,,Warm,Did not connect,Attempt Again,,No pickup. Retry planned.,,,FALSE,05/04/2026,FU9,,Warm,Connected,Interested,196,Positive progression call.,https://drive.google.com/file/d/mql_rec_17_10,https://drive.google.com/file/d/mql_tr_17_10,TRUE,07/04/2026,FU10,,Hot,Connected,Meeting Scheduled,254,Meeting pipeline in motion.,https://drive.google.com/file/d/mql_rec_17_11,https://drive.google.com/file/d/mql_tr_17_11,TRUE,09/04/2026,FU11,,Warm,Did not connect,Attempt Again,,No pickup. Retry planned.,,,FALSE,11/04/2026,FU12,,Hot,Connected,Meeting Scheduled,262,Meeting pipeline in motion.,https://drive.google.com/file/d/mql_rec_17_13,https://drive.google.com/file/d/mql_tr_17_13,TRUE,13/04/2026,FU13,,Hot,Connected,Meeting Scheduled,266,Meeting pipeline in motion.,https://drive.google.com/file/d/mql_rec_17_14,https://drive.google.com/file/d/mql_tr_17_14,TRUE,15/04/2026,FU14,,Hot,Connected,Solution Picked,320,Converted sample lead by FU15.,https://drive.google.com/file/d/mql_rec_17_15,https://drive.google.com/file/d/mql_tr_17_15,TRUE,17/04/2026,FU15,
CC | 99000018,Sample Company 18,Dr Sample Lead 18,9810000018,lead18@samplecrm.in,Monika,08/01/2026,Initial BD qualification completed.,https://drive.google.com/file/d/bd_rec_18,schools ds1,https://drive.google.com/file/d/bd_tr_18,https://drive.google.com/file/d/bd_snap_18,Cold,Did not connect,Attempt Again,,No pickup. Retry planned.,,,FALSE,21/03/2026,FU1,,Warm,Connected,Interested,143,Positive progression call.,https://drive.google.com/file/d/mql_rec_18_02,https://drive.google.com/file/d/mql_tr_18_02,TRUE,23/03/2026,FU2,,Cold,Did not connect,Attempt Again,,No pickup. Retry planned.,,,FALSE,25/03/2026,FU3,,Warm,Connected,Interested,157,Positive progression call.,https://drive.google.com/file/d/mql_rec_18_04,https://drive.google.com/file/d/mql_tr_18_04,TRUE,27/03/2026,FU4,,Warm,Connected,Interested,164,Positive progression call.,https://drive.google.com/file/d/mql_rec_18_05,https://drive.google.com/file/d/mql_tr_18_05,TRUE,29/03/2026,FU5,,Cold,Did not connect,Attempt Again,,No pickup. Retry planned.,,,FALSE,31/03/2026,FU6,,Warm,Connected,Interested,178,Positive progression call.,https://drive.google.com/file/d/mql_rec_18_07,https://drive.google.com/file/d/mql_tr_18_07,TRUE,02/04/2026,FU7,,Warm,Connected,Interested,185,Positive progression call.,https://drive.google.com/file/d/mql_rec_18_08,https://drive.google.com/file/d/mql_tr_18_08,TRUE,04/04/2026,FU8,,Warm,Did not connect,Attempt Again,,No pickup. Retry planned.,,,FALSE,06/04/2026,FU9,,Warm,Connected,Interested,199,Positive progression call.,https://drive.google.com/file/d/mql_rec_18_10,https://drive.google.com/file/d/mql_tr_18_10,TRUE,08/04/2026,FU10,,Hot,Connected,Meeting Scheduled,254,Meeting pipeline in motion.,https://drive.google.com/file/d/mql_rec_18_11,https://drive.google.com/file/d/mql_tr_18_11,TRUE,10/04/2026,FU11,,Warm,Did not connect,Attempt Again,,No pickup. Retry planned.,,,FALSE,12/04/2026,FU12,,Hot,Connected,Meeting Scheduled,262,Meeting pipeline in motion.,https://drive.google.com/file/d/mql_rec_18_13,https://drive.google.com/file/d/mql_tr_18_13,TRUE,14/04/2026,FU13,,Hot,Connected,Meeting Scheduled,266,Meeting pipeline in motion.,https://drive.google.com/file/d/mql_rec_18_14,https://drive.google.com/file/d/mql_tr_18_14,TRUE,16/04/2026,FU14,,Hot,Connected,Solution Picked,320,Converted sample lead by FU15.,https://drive.google.com/file/d/mql_rec_18_15,https://drive.google.com/file/d/mql_tr_18_15,TRUE,18/04/2026,FU15,
CC | 99000019,Sample Company 19,Dr Sample Lead 19,9810000019,lead19@samplecrm.in,Shreya,09/01/2026,Initial BD qualification completed.,https://drive.google.com/file/d/bd_rec_19,clinics ds1,https://drive.google.com/file/d/bd_tr_19,https://drive.google.com/file/d/bd_snap_19,Cold,Did not connect,Attempt Again,,No pickup. Retry planned.,,,FALSE,22/03/2026,FU1,,Warm,Connected,Interested,146,Positive progression call.,https://drive.google.com/file/d/mql_rec_19_02,https://drive.google.com/file/d/mql_tr_19_02,TRUE,24/03/2026,FU2,,Cold,Did not connect,Attempt Again,,No pickup. Retry planned.,,,FALSE,26/03/2026,FU3,,Warm,Connected,Interested,160,Positive progression call.,https://drive.google.com/file/d/mql_rec_19_04,https://drive.google.com/file/d/mql_tr_19_04,TRUE,28/03/2026,FU4,,Warm,Connected,Interested,167,Positive progression call.,https://drive.google.com/file/d/mql_rec_19_05,https://drive.google.com/file/d/mql_tr_19_05,TRUE,30/03/2026,FU5,,Cold,Did not connect,Attempt Again,,No pickup. Retry planned.,,,FALSE,01/04/2026,FU6,,Warm,Connected,Interested,181,Positive progression call.,https://drive.google.com/file/d/mql_rec_19_07,https://drive.google.com/file/d/mql_tr_19_07,TRUE,03/04/2026,FU7,,Warm,Connected,Interested,188,Positive progression call.,https://drive.google.com/file/d/mql_rec_19_08,https://drive.google.com/file/d/mql_tr_19_08,TRUE,05/04/2026,FU8,,Warm,Did not connect,Attempt Again,,No pickup. Retry planned.,,,FALSE,07/04/2026,FU9,,Warm,Connected,Interested,202,Positive progression call.,https://drive.google.com/file/d/mql_rec_19_10,https://drive.google.com/file/d/mql_tr_19_10,TRUE,09/04/2026,FU10,,Hot,Connected,Meeting Scheduled,254,Meeting pipeline in motion.,https://drive.google.com/file/d/mql_rec_19_11,https://drive.google.com/file/d/mql_tr_19_11,TRUE,11/04/2026,FU11,,Warm,Did not connect,Attempt Again,,No pickup. Retry planned.,,,FALSE,13/04/2026,FU12,,Hot,Connected,Meeting Scheduled,262,Meeting pipeline in motion.,https://drive.google.com/file/d/mql_rec_19_13,https://drive.google.com/file/d/mql_tr_19_13,TRUE,15/04/2026,FU13,,Hot,Connected,Meeting Scheduled,266,Meeting pipeline in motion.,https://drive.google.com/file/d/mql_rec_19_14,https://drive.google.com/file/d/mql_tr_19_14,TRUE,17/04/2026,FU14,,Hot,Connected,Solution Picked,320,Converted sample lead by FU15.,https://drive.google.com/file/d/mql_rec_19_15,https://drive.google.com/file/d/mql_tr_19_15,TRUE,19/04/2026,FU15,
CC | 99000020,Sample Company 20,Dr Sample Lead 20,9810000020,lead20@samplecrm.in,Rajviba,10/01/2026,Initial BD qualification completed.,https://drive.google.com/file/d/bd_rec_20,pharma ds1,https://drive.google.com/file/d/bd_tr_20,https://drive.google.com/file/d/bd_snap_20,Cold,Did not connect,Attempt Again,,No pickup. Retry planned.,,,FALSE,23/03/2026,FU1,,Warm,Connected,Interested,134,Positive progression call.,https://drive.google.com/file/d/mql_rec_20_02,https://drive.google.com/file/d/mql_tr_20_02,TRUE,25/03/2026,FU2,,Cold,Did not connect,Attempt Again,,No pickup. Retry planned.,,,FALSE,27/03/2026,FU3,,Warm,Connected,Interested,148,Positive progression call.,https://drive.google.com/file/d/mql_rec_20_04,https://drive.google.com/file/d/mql_tr_20_04,TRUE,29/03/2026,FU4,,Warm,Connected,Interested,155,Positive progression call.,https://drive.google.com/file/d/mql_rec_20_05,https://drive.google.com/file/d/mql_tr_20_05,TRUE,31/03/2026,FU5,,Cold,Did not connect,Attempt Again,,No pickup. Retry planned.,,,FALSE,02/04/2026,FU6,,Warm,Connected,Interested,169,Positive progression call.,https://drive.google.com/file/d/mql_rec_20_07,https://drive.google.com/file/d/mql_tr_20_07,TRUE,04/04/2026,FU7,,Warm,Connected,Interested,176,Positive progression call.,https://drive.google.com/file/d/mql_rec_20_08,https://drive.google.com/file/d/mql_tr_20_08,TRUE,06/04/2026,FU8,,Warm,Did not connect,Attempt Again,,No pickup. Retry planned.,,,FALSE,08/04/2026,FU9,,Warm,Connected,Interested,190,Positive progression call.,https://drive.google.com/file/d/mql_rec_20_10,https://drive.google.com/file/d/mql_tr_20_10,TRUE,10/04/2026,FU10,,Hot,Connected,Meeting Scheduled,254,Meeting pipeline in motion.,https://drive.google.com/file/d/mql_rec_20_11,https://drive.google.com/file/d/mql_tr_20_11,TRUE,12/04/2026,FU11,,Warm,Did not connect,Attempt Again,,No pickup. Retry planned.,,,FALSE,14/04/2026,FU12,,Hot,Connected,Meeting Scheduled,262,Meeting pipeline in motion.,https://drive.google.com/file/d/mql_rec_20_13,https://drive.google.com/file/d/mql_tr_20_13,TRUE,16/04/2026,FU13,,Hot,Connected,Meeting Scheduled,266,Meeting pipeline in motion.,https://drive.google.com/file/d/mql_rec_20_14,https://drive.google.com/file/d/mql_tr_20_14,TRUE,18/04/2026,FU14,,Hot,Connected,Solution Picked,320,Converted sample lead by FU15.,https://drive.google.com/file/d/mql_rec_20_15,https://drive.google.com/file/d/mql_tr_20_15,TRUE,20/04/2026,FU15,
